Unnamed: 0,Questions,Gold Answers,GPT Answer,BERT Similarity GPT,Base Model Answers,BERT Similarity Baseline,GPT Correctness,Baseline Correctness,Annotator Label,Category,
0,who was the bad guy in dudley do right,['Snidely Whiplash'],Snidely Whiplash,,,,,,3,Exact match,
1,who won the women's gold medal curling,['Sweden ('],It depends on the specific year and competition being referred to. Please provide more context for a specific answer.,,,,,,1,DATC,
2,who built the dome of the rock mosque,['initially completed in 691 CE at the order of Umayyad Caliph Abd al - Malik'],The dome of the rock mosque was built by Caliph Abd al-Malik in 691 CE.,,,,,,3,Semantically the same,
3,what does hhr stand for on a chevy,['Heritage High Roof'],HHR stands for Heritage High Roof.,,,,,,3,Semantically the same,
4,who won x factor when olly murs came second,['Joe McElderry'],Joe McElderry,,,,,,3,Exact match,
5,geographically speaking where might one generally find island arcs,['close to a boundary between two converging tectonic plates'],"Island arcs are generally found in areas where one tectonic plate subducts under another, such as in the Pacific Ring of Fire.",,,,,,3,Open-ended question,
6,what is the name of the prince in the little mermaid,['Eric'],Prince Eric,,,,,,3,Semantically the same,
7,what is the creature in the mines of moria,['Balrogs'],The creature in the mines of Moria is a Balrog.,,,,,,3,Semantically the same,
8,what is the enrollment at ball state university,"['22,513 students']","As an AI language model, I do not have access to real-time data. The enrollment numbers may change from year to year, it is advisable to check the official website of Ball State University for the latest information.",,,,,,1,DATV,
9,who does the voice for the crab on moana,['Jemaine Clement'],The crab on Moana is voiced by Jemaine Clement.,,,,,,3,Semantically the same,
10,when does the new ravens home come on,['May 2018'],"I'm sorry, I cannot answer that question without more context. Could you be more specific?",,,,,,1,DATC,
11,who plays james bond in tomorrow never dies,['Pierce Brosnan'],Pierce Brosnan,,,,,,3,Exact match,
12,who plays yondu guardians of the galaxy 2,['Michael Rooker'],Michael Rooker,,,,,,3,Exact match,
13,how many heat tiles on a space shuttle,"['about 24,300 unique tiles']","There were 24,000 heat tiles on a space shuttle.",,,,,,3,Different granularity,
14,who form the first political party in nigeria,['Herbert Macaulay'],"The first political party in Nigeria was the Nigerian National Democratic Party (NNDP), formed in 1923.",,,,,,1,Mismatch with question intent,
15,who is the doctor from once upon a time,['Victor Frankenstein'],Dr. Victor Frankenstein / Dr. Whale (played by David Anders),,,,,,3,Semantically the same,
16,deviance is any behavior belief or condition that,"['that violates social norms , including a formally enacted rule ( e.g. , crime ) , as well as informal violations of social norms ( e.g. , rejecting folkways and mores )']",violates cultural norms or societal expectations,,,,,,3,Different granularity,
17,what is the minimum hourly wage in france,['€ 9.88 ( $11 ) per hour'],"As of January 1, 2021, the minimum hourly wage in France is €10.25 per hour.",,,,,,2,Answer is time-dependent ,
18,who plays the joker off of suicide squad,['Jared Leto'],Jared Leto,,,,,,3,Exact match,
19,who wrote the art of the deal book,"['Tony Schwartz', 'Donald Trump']",Donald Trump (co-written with Tony Schwartz),,,,,,3,Semantically the same,
20,when did adam smith published the wealth of nations,['1776'],in 1776,,,,,,3,Exact match,
21,who won the most medals in the olympics,['United States'],"Michael Phelps, with a total of 28 medals (23 gold, 3 silver, 2 bronze)",,,,,,2,Ambiguous answer type ,
22,what company makes a and w root beer,"['A&W Canada', 'Keurig Dr Pepper']",Dr Pepper Snapple Group,,,,,,3,Different granularity,
23,at canterbury cathedral the shrine of is today marked by a single,['lighted candle'],candle,,,,,,3,Semantically the same,
24,when was the first motte and bailey castle built,['979'],in the 11th century AD,,,,,,1,MISC,"Per wikipedia:The earliest purely documentary evidence for motte-and-bailey castles in Normandy and Angers comes from between 1020 and 1040, but a combination of documentary and archaeological evidence pushes the date for the first motte and bailey castle, at Vincy, back to 979"
25,who owns the truck from sanford and son,"['Tim Franko', 'Jeff Canter']","Redd Foxx's character, Fred Sanford.",,,,,,2,Ambiguous answer type ,
26,who did roger perry play on star trek,['a 20th century airforce pilot'],"Admiral Savar in the episode ""Tomorrow is Yesterday""",,,,,,3,Open-ended question,
27,when is castiel coming back in season 7,"[""`` The Born - Again Identity ''""]","I'm sorry, I cannot answer that question as I am an AI language model and do not have access to real-time information.",,,,,,1,DATV,
28,who plays catherine on the haves and the have nots,['Renee Lawless - Orsini'],Tika Sumpter.,,,,,,1,Incorrect prediction,
29,what is the biggest selling game of all time,['Tetris'],Minecraft,,,,,,2,answer is time-dependent ,
30,what was the first nintendo console ever made,['Color TV Game'],The Nintendo Entertainment System (NES) was the first console ever made by Nintendo.,,,,,,1,Incorrect prediction,
31,the girl who played carol anne in poltergeist,"[""Heather Michele O'Rourke""]",Heather O'Rourke.,,,,,,3,Semantically the same,
32,what is the current episode of love island,['Day 59'],"As an AI language model, I don't have access to live or current TV schedules. Please provide me with specific dates or episode numbers for Love Island so I can provide you with accurate information.",,,,,,1,DATV,
33,who sings the song i just died in your arms tonight,['the English rock band Cutting Crew'],"The song ""I Just Died In Your Arms Tonight"" is sung by the band Cutting Crew.",,,,,,3,Semantically the same,
34,who is the current king of country music,['George Harvey Strait'],"There is no specific king of country music, as it is a subjective title and can vary depending on personal opinion. Some popular country artists currently include Luke Bryan, Blake Shelton, and Keith Urban.",,,,,,1,Mismatch with question intent,
35,when does carlos find out about the affair,['the first season finale'],"I'm sorry, I cannot answer this question as there is insufficient context provided.",,,,,,1,DATC,
36,how many 7 elevens are in the world,"['66,579']","There is no exact answer to this question as the number of 7-Eleven stores in the world is constantly changing. However, as of 2021, there are approximately 70,000 7-Eleven stores worldwide.",,,,,,2,answer is time-dependent ,
37,when did the movie 47 meters down come out,['16 June 2017'],in 2017,,,,,,3,Different granularity,
38,when is the new han solo movie coming out,"['May 25 , 2018']","The new Han Solo movie, Solo: A Star Wars Story, was released on May 25, 2018.",,,,,,3,Semantically the same,
39,which emblem served as the symbol for the national recovery administration,['the Blue Eagle'],The Blue Eagle,,,,,,3,Exact match,
40,what day is the new star wars movie,"['December 15 , 2017']","I'm sorry, I cannot answer that question as it depends on which particular Star Wars movie is being referred to and when it was released in theaters.",,,,,,1,DATV,
41,when do zoe and wade become a couple,"[""`` Sparks Fly ''""]","In season 2 of the TV show ""Hart of Dixie"", episode 22.",,,,,,1,Incorrect prediction,
42,who fell in love with his own reflection,['Narcissus'],Narcissus,,,,,,3,Exact match,
43,who played kelly on the drew carey show,['Cynthia Watros'],Christa Miller,,,,,,1,Incorrect prediction,
44,when did gun free zones become a thing,['1990'],"The concept of gun-free zones dates back several decades, but began to gain more widespread attention in the US in the 1990s with the passage of the Gun-Free School Zones Act in 1990.",,,,,,3,Different granularity,
45,who plays arthur in arthur and the invisibles,['Freddie Highmore'],Freddie Highmore,,,,,,3,Exact match,
46,what affect does acetylcholine have on the sarcolemma,"['can depolarize the muscle fiber , causing a cascade that eventually results in muscle contraction']",Acetylcholine stimulates the sarcolemma (cell membrane) of a muscle fiber to open up sodium channels and allow for the contraction of the muscle.,,,,,,3,Semantically the same,
47,uscg master chief petty officer of the coast guard,['Steven W. Cantrell'],The current USCG Master Chief Petty Officer of the Coast Guard is Jason M. Vanderhaden.,,,,,,2,answer is time-dependent ,
48,who has scored the most goals in one football match,['Archie Thompson'],"Archie Thompson, who scored 13 goals in a match for the Australian team against American Samoa in 2001.",,,,,,3,Different granularity,
49,how many episodes of animal kingdom are in season 3,['13'],There are 13 episodes in season 3 of Animal Kingdom.,,,,,,3,Semantically the same,
50,which is the most common use of opt-in e-mail marketing,"[""a newsletter sent to an advertising firm 's customers""]",The most common use of opt-in e-mail marketing is to promote products or services to a targeted audience who have given their consent to receive such communications.,,,,,,3,Open-ended question,
51,in 1827 the cherokee tribe of georgia wrote a constitution modeled on what document,['the United States'],The United States Constitution,,,,,,3,Semantically the same,
52,when does relaxin start being produced during pregnancy,['During the first trimester of pregnancy'],Relaxin production starts during the first trimester of pregnancy.,,,,,,3,Semantically the same,
53,branch of botany which deals with trees and shrubs,['Dendrology'],Dendrology,,,,,,3,Exact match,
54,when was the wizard of oz first released,"['August 25 , 1939']",The Wizard of Oz was first released in 1939.,,,,,,3,Different granularity,
55,where does the 7th cranial nerve exit the skull,['between the pons and the medulla'],"The 7th cranial nerve, also known as the facial nerve, exits the skull through the stylomastoid foramen.",,,,,,3,Different granularity,
56,who was believed to be the son of re the sun god,['The rulers of the Fifth Dynasty'],Pharaoh Amenhotep III of Egypt.,,,,,,1,incorrect prediction,
57,when was last time usa won miss universe,['2012'],"2020 with Miss USA, Asya Branch.",,,,,,2,answer is time-dependent,
58,who played the lawyer in thirteen reasons why,['Wilson Cruz'],Mark Pellegrino played the lawyer Dennis Vasquez in thirteen reasons why.,,,,,,1,incorrect prediction,
59,what was the major purpose of the five year plan during the 1920s and 1930s in the soviet union,['to quickly and effectively industrialize the economy of the Soviet Union'],To rapidly industrialize and modernize the economy through centralized planning and industrialization.,,,,,,3,Semantically the same,
60,who has won a million on deal or no deal,"['Jessica Robinson', 'Tomorrow Rodriguez']","Several contestants have won a million on Deal or No Deal, including Jessica Robinson, David Williams, and Samira Sadeghi.",,,,,,1,incorrect prediction,
61,who played scott in buffy the vampire slayer,"[""Fabrizio `` Fab '' Filippo""]",Scott Hope was played by actor Fab Filippo.,,,,,,3,Semantically the same,
62,who has the power to reject the president's nominations for the supreme court,['the Senate'],The United States Senate has the power to reject the president's nominations for the supreme court.,,,,,,3,Semantically the same,
63,who played aaron on sabrina the teenage witch,['Dylan Neal'],David Lascher,,,,,,1,Incorrect prediction,
64,what order do the flowers in the attic books go,"['Petals on the Wind', 'If There Be Thorns', 'If There Be Thorns', 'Garden of Shadows', ""Christopher 's Diary : Secrets of Foxworth"", ""Christopher 's Diary : Echoes of Dollanganger"", ""Christopher 's Diary : Secret Brother""]","Flowers in the Attic, Petals on the Wind, If There Be Thorns, Seeds of Yesterday, Garden of Shadows.",,,,,,2,Ambiguous answer type,
65,who was the supreme commander of the western allied forces in europe,['Dwight D. Eisenhower'],General Dwight D. Eisenhower,,,,,,3,Semantically the same,
66,who is the captain of nigeria football team,['John Mikel Obi'],"As an AI language model, I do not have access to real-time information. However, the current captain of Nigeria football team as of 2021 is Ahmed Musa.",,,,,,2,Answer is time-dependent,
67,who ruled egypt at the time of the french invasion,['Ottoman Empire'],Muhammad Ali Pasha,,,,,,1,Incorrect prediction,
68,where is the pro football hall of fame located,"['2121 George Halas Dr NW , Canton , Ohio']","in Canton, Ohio",,,,,,3,Different granularity,
69,weapons used in the civil war by the union,"['rifled - muskets', 'breech loaders', 'repeating weapons', 'various field guns', 'artillery', 'early grenade', 'machine gun']","rifles, muskets, carbines, revolvers, bayonets, cannons, and Gatling guns",,,,,,3,Open-ended question,
70,how many electrons fit in the 3rd energy level,['18'],There can be up to 18 electrons in the 3rd energy level.,,,,,,3,Semantically the same,
71,who appoints the chairman of the federal reserve,['President of the United States'],"The President of the United States, with confirmation from the Senate.",,,,,,3,Different granularity,
72,what is the meaning of the name lamar,"['liquid gold', 'the sea']","The name Lamar means ""of the sea"" or ""from the sea"" in French.",,,,,,3,Semantically the same,
73,where is the bethlehem star in bethlehem pa,"['on the top of South Mountain , on property owned by the Water Department , located in Lower Saucon Township']","There is no physical ""Bethlehem Star"" in Bethlehem, PA. However, there is a large star atop South Mountain, known as the South Mountain Star, which is visible from certain parts of the city.",,,,,,3,Semantically the same,
74,the hottest recorded temperature on earth occurred where,"['Mitribah , Kuwait']","In Furnace Creek Ranch, California on July 10, 1913, when the temperature reached 134 degrees Fahrenheit (56.7 degrees Celsius).",,,,,,3,Incorrect gold,
75,who plays john in meet me in st louis,['Tom Drake'],John is not a character in Meet Me in St Louis.,,,,,,1,Incorrect prediction,
76,who sang you're a mean one mr. grinch in the iconic 1966 animated tv show,['Thurl Ravenscroft'],Thurl Ravenscroft,,,,,,3,Exact match,
77,best british male solo artist at this year's brit awards,['Stormzy'],Lewis Capaldi.,,,,,,2,Answer is time-dependent,
78,who plays shawn as a kid in psych,"['Liam James', 'Skyler Gisondo']",Liam James,,,,,,3,Exact match,
79,who is left in season 10 of rupaul's drag race,"['Aquaria', ""Asia O'Hara"", 'Eureka', 'Kameron Michaels']","I'm sorry, I do not have access to real-time information.",,,,,,1,DATV,
80,who has the fastest serve in tennis history,['Sabine Lisicki'],"The record for the fastest serve in tennis history is held by Sam Groth from Australia, who hit a serve clocked at 163.7 mph (263.4 km/hr) in 2012.",,,,,,3,Gold is incorrect ,
81,when was india capital shifted from calcutta to delhi,['12 December 1911'],In 1911.,,,,,,3,Different granularity,
82,who is nominated for nobel peace prize 2016,['Juan Manuel Santos'],"There were 376 nominees for the Nobel Peace Prize in 2016, and the winner was Juan Manuel Santos, the President of Colombia.",,,,,,3,Different granularity,
83,when did the wise man's fear come out,"['March 1 , 2011']",in 2011,,,,,,3,Different granularity,
84,who sings theme song on sons of anarchy,['Curtis Stigers & The Forest Rangers'],"The theme song for Sons of Anarchy is ""This Life"" and it is performed by Curtis Stigers and the Forest Rangers.",,,,,,3,Semantically the same,
85,when did raiders of the lost ark take place,['1936'],Raiders of the Lost Ark takes place in 1936.,,,,,,3,Semantically the same,
86,who wrote see you again by miley cyrus,"['Miley Cyrus', 'Antonina Armato', 'Antonina']","The song ""See You Again"" by Miley Cyrus was co-written by the singer herself, along with Antonina Armato and Tim James of the production duo Rock Mafia.",,,,,,3,Different granularity,
87,when was the song stacy's mom released,"['May 20 , 2003']",in 2003,,,,,,3,Different granularity,
88,who did the united states support when vietnam first split into north and south vietnam,['South Vietnamese army'],The United States supported the government of South Vietnam.,,,,,,3,Semantically the same,
89,who won nobel prizes in both physics and chemistry,['Maria Skłodowska - Curie'],Marie Curie,,,,,,3,Semantically the same,
90,pavel the boy in the striped pajamas actor,['David Hayman'],Asa Butterfield,,,,,,1,Incorrect prediction,
91,who makes the rules about irradiation of food,"['FDA', 'United States Department of Agriculture ( USDA )']","In the United States, the Food and Drug Administration (FDA) makes rules about irradiation of food.",,,,,,3,Semantically the same,
92,which mountain range is found along the east coast of mexico,['Sierra Madre Oriental'],"There are no significant mountain ranges along the east coast of Mexico. The Sierra Madre Oriental range runs parallel to the east coast, but is located further inland.",,,,,,3,Different granularity,
93,when does meredith become chief of general surgery,['2015'],In season 12 of Grey's Anatomy.,,,,,,2,Ambigious answer type,
94,who is zack from saved by the bell,['Mark - Paul Harry Gosselaar'],"Zack Morris is one of the main characters in the television show Saved by the Bell, played by actor Mark-Paul Gosselaar.",,,,,,3,Semantically the same,
95,who advocated for a separate juvenile court in chicago,"['Jane Addams', 'Louise DeKoven Bowen', 'Lucy Flower', 'Julia Lathrop']",Jane Addams and Julia Lathrop advocated for a separate juvenile court in Chicago.,,,,,,3,Different granularity,
96,who created the excise tax as part of his financial plan,"['Alexander Hamilton , first Secretary of the Treasury']",Alexander Hamilton,,,,,,3,Semantically the same,
97,what is the purpose of crystal violet used in the gram stain procedure,['to make bacteria more visible in stained sections of lung tissue'],Crystal violet is used to stain bacterial cell walls in the gram stain procedure.,,,,,,3,Open-ended question,
98,eucharistic miracle in lanciano italy in 750 a.d,['Miracle of Lanciano'],"According to Catholic tradition, the Eucharistic miracle in Lanciano, Italy occurred in 750 A.D. during a Mass celebrated by a monk who began to doubt the Real Presence of Jesus in the bread and wine. After consecration, the bread became flesh and the wine became blood, which has been miraculously preserved to this day.",,,,,,3,Different granularity,
99,who played nova in the planet of the apes,['Linda Melson Harrison'],Linda Harrison played Nova in the original Planet of the Apes film.,,,,,,3,Semantically the same,
100,who wrote someone that i used to know,['Gotye'],"Gotye wrote ""Someone That I Used to Know.""",,,,,,3,"Semantically the same
",
101,who played the first alice in the honeymooners,['Pert Kelton'],Audrey Meadows,,,,,,1,Incorrect prediction,
102,when did terry's chocolate orange come out,['1932'],It was first introduced in 1932.,,,,,,3,Semantically the same,
103,where are the straits of florida located on a map,"['south - southeast of the North American mainland , generally accepted to be between the Gulf of Mexico and the Atlantic Ocean , and between the Florida Keys ( U.S. ) and Cuba']",The Straits of Florida are located between the southern tip of Florida and the northern coast of Cuba on a map.,,,,,,3,Semantically the same,
104,who gifted the statue of liberty to usa,['the people of France'],France,,,,,,3,Semantically the same,
105,who played bernadette on the big bang theory,['Melissa Ivy Rauch'],Melissa Rauch.,,,,,,3,Semantically the same,
106,first president of india first president of india,['Rajendra Prasad'],Dr. Rajendra Prasad,,,,,,3,Semantically the same,
107,who put the one child policy in place,['Song Jian'],The Chinese government implemented the one child policy in 1979.,,,,,,2,Ambiguous answer type,
108,who wrote as the deer pants for the water,['Martin J. Nystrom'],Marty Nystrom,,,,,,3,Semantically the same,
109,who invented the movable type printing press brainly,['Johannes Gutenberg'],Johannes Gutenberg.,,,,,,3,Exact Match,
110,who played the once ler in the lorax,['Bob Holt'],Ed Helms,,,,,,2,Answer is time-dependent,
111,when does new episodes of the handmaids tale come out,['2018'],"The release date for new episodes of The Handmaid's Tale varies by season. You can check the latest release information on platforms like Hulu, where the show is currently streaming.",,,,,,1,DATV,
112,what year in the chinese zodiac is it,['Dog'],"As an AI language model, I cannot provide a specific answer to this question as it depends on the current date and year. Please provide more information for me to accurately answer your question.",,,,,,1,DATV,
113,who killed katie in the movie mystic river,['Dave'],Dave Boyle (played by Tim Robbins),,,,,,3,"Semantically the same
",
114,where do most of the worlds rubies come from,"['central Myanmar , the area of Mong Hsu']",Most of the world's rubies come from Burma (now known as Myanmar).,,,,,,3,Semantically the same,
115,who wrote the song we shall behold him,['Dottie Rambo'],Dottie Rambo,,,,,,3,Exact Match,
116,who won australia's first olympic gold medal,['Steven John Bradbury'],"Edwin Flack, a runner, won Australia's first Olympic gold medal in the 800m and 1500m events at the 1896 Athens Olympic Games.",,,,,,3,Gold is incorrect,
117,who plays nola in the harry quebert affair,['Kristine Froseth'],Kristine Froseth,,,,,,3,Exact Match,
118,mamma mia run time here we go again,['114 minutes'],1 hour and 54 minutes,,,,,,3,Semantically the same,
119,where does the belcher's sea snake live,"['Indian Ocean', 'Gulf of Thailand', 'Australia', 'Solomon Islands']",The Belcher's sea snake is native to the coastal waters of Southeast Asia and Australia.,,,,,,3,Semantically the same,
120,when was the last episode of friends recorded,"['May 6 , 2004']","The last episode of Friends was recorded on January 23, 2004.",,,,,,3,Gold is incorrect,
121,who does elena from vampire diaries end up with,['Damon'],"In the TV show, Elena ends up with Damon Salvatore. In the book series, she ends up with Stefan Salvatore.",,,,,,3,Semantically the same,
122,who had founded the indian home rule society,['Shyamji Krishna Varma'],Mahatma Gandhi,,,,,,1,Incorrect,
123,who narrates who do you think you are uk,['Phil Davis'],"As of 2021, the narrators of ""Who Do You Think You Are?"" UK have been Cherie Lunghi and Phil Davis.",,,,,,3,Different granularity,
124,where does dill live in to kill a mockingbird,"['Meridian , Mississippi ,']","Dill Harris lives in Meridian, Mississippi during the summer months.",,,,,,3,Different granularity,
125,who was the pope that started the crusades,['Pope Urban II'],Pope Urban II,,,,,,3,Exact Match,
126,where did the dead poets society take place,['the fictional elite conservative Vermont boarding school Welton Academy'],"At a boys' preparatory school called Welton Academy in Vermont, USA.",,,,,,3,Semantically the same,
127,when do sorry to bother you come out,"['July 6 , 2018']","Sorry to Bother You was released on July 6, 2018.",,,,,,3,Semantically the same,
128,who is the little girl in when a man loves a woman,['Mae Whitman'],The little girl in When a Man Loves a Woman is named Casey Green. She is played by actress Mae Whitman.,,,,,,3,Semantically the same,
129,who played the bride of frankenstein in the original movie,['Elsa Lanchester'],Elsa Lanchester.,,,,,,3,Exact Match,
130,who won the battle of new orleans 1862,['Union'],"There was no Battle of New Orleans in 1862, the famous Battle of New Orleans was fought in 1815.",,,,,,1,Incorrect,
131,who wrote the lyrics to the first time ever i saw your face,['British political singer / songwriter Ewan MacColl'],Ewan MacColl,,,,,,3,Semantically the same,
132,who did jordi vilasuso play on guiding light,['Tony Santos'],He played the character of Tony Santos on Guiding Light.,,,,,,3,Semantically the same,
133,when do penny and leonard first get together,['The Recombination Hypothesis'],"Season 2, Episode 1 of the TV show ""The Big Bang Theory""",,,,,,1,Incorrect gold,
134,according to federalist 78 what part of the government is the weakest,['Judiciary branch'],The Judiciary branch,,,,,,3,Semantically the same,
135,who played bert in the big bang theory,['Posehn'],"There is no character named Bert in The Big Bang Theory. However, Brian Posehn played a recurring character also named Bert.",,,,,,1,MISC,
136,when does the wlking dead come back on,"['October 22 , 2017']","As an AI language model, I cannot provide the current information or update as seasonal program schedule changes over time. Please check with your local cable TV provider or official AMC website for the latest update on when The Walking Dead is scheduled to come back on.",,,,,,1,DATV,
137,what type of music is flight of the bumblebee,['orchestral interlude'],"classical music, specifically an orchestral interlude from the opera ""The Tale of Tsar Saltan"" by Nikolai Rimsky-Korsakov.",,,,,,3,Different granularity,
138,when was the last earthquake in el salvador,['2001 - 02 - 13'],"Sorry, as an AI language model, I don't have access to real-time information. Please provide a specific date range for me to look up.",,,,,,1,DATV,
139,what is the southern most point in canada,['Middle Island'],"Point Pelee, Ontario",,,,,,3,Different granularity,
140,who wrote she used to love me alot,"['Dennis Morgan', 'Charles Quillen', 'Kye Fleming']",Johnny Cash,,,,,,3,Ambiguous entity/event references,
141,the first time a corporation sells its stock to the public is known as an,['initial public offering'],Initial Public Offering (IPO),,,,,,3,Semantically the same,
142,eaps were originally designed to help employees that had what type of problem,['personal problems and / or work - related problems'],Stress or burnout in the workplace.,,,,,,3,Semantically the same,
143,where will you find earth's magnetic north pole,['86 ° 30 ′ N 172 ° 36 ′ W \ufeff / \ufeff 86.5 ° N 172.6 ° W'],"near the geographic North Pole, in the Arctic Ocean.",,,,,,3,Different granularity,
144,who has the most wins in a mlb season,"['Chicago Cubs', 'Seattle Mariners']","The most wins in a MLB season is 116, achieved by the 2001 Seattle Mariners.",,,,,,3,Semantically the same,
145,when did uk finish paying us for ww2,['2006'],"In 2006, the UK made its final payment on the debt it acquired during World War II.",,,,,,3,Semantically the same,
146,where are the basilar membrane and the organ of corti located,['scala media of the cochlea of the inner ear between the vestibular duct and the tympanic duct'],They are located in the inner ear.,,,,,,3,Different granularity,
147,who plays max in where the wild things are,['Max Records'],Max Records plays Max in Where the Wild Things Are.,,,,,,3,Semantically the same,
148,who sings the bare necessities in the jungle book,['Phil Harris as Baloo and Bruce Reitherman as Mowgli'],Phil Harris as Baloo the Bear,,,,,,3,Different granularity,
149,what part of the country is oklahoma considered,['a state in the South'],Midwest region of the United States,,,,,,3,Open-ended question,
150,during the ming dynasty which city was once again made the capital of china,['Beijing'],Nanjing was made the capital of China once again during the Ming Dynasty.,,,,,,1,Mismatch with question intent,
151,when was the united states marine corps started,['10 November 1775'],"On November 10, 1775.",,,,,,3,Semantically the same,
152,where did the center of the enlightenment take place,['Europe'],"The center of the Enlightenment is often associated with 18th century Paris, France.",,,,,,3,Different granularity,
153,where is the main post office in norwich,"['340 Main Street in downtown Norwich , Connecticut']",In the city center on Prince of Wales Road.,,,,,,3,Ambiguous entity/event references,
154,what age do you have to be to smoke in france,['18'],18 years old.,,,,,,3,Semantically the same,
155,champions league winners three times in a row,"['Real Madrid', 'Ajax', 'Bayern Munich']","Real Madrid (2016, 2017, 2018)",,,,,,3,Different granularity,
156,who has played title role in mohan joshi hazir ho,['Bhisham Sahni'],Naseeruddin Shah.,,,,,,1,Incorrect prediction,
157,the large number and diversity of organisms on earth is known as,['Biodiversity'],Biodiversity.,,,,,,3,Exact match,
158,how many championships does the pac 12 have,['500'],"As an AI language model, I cannot provide the current number of championships as it may constantly change over time. However, the Pac-12 Conference has won numerous NCAA National Championships in various sports.",,,,,,1,DATV,
159,when was prayer taken out of the schools,['1963'],"In 1962, following the Supreme Court case of Engel v. Vitale.",,,,,,3,Incorrect gold,
160,when was the last time grand cayman had a hurricane,['September 2004'],It is unclear as there have been multiple hurricanes that have affected Grand Cayman over the years.,,,,,,1,Incorrect prediction,
161,when was the voting age changed to 18,"['July 1 , 1971']",In 1971.,,,,,,3,Different granularity,
162,when do babies start to have stranger anxiety,['peaks from 6 to 12 months'],Around 6-9 months of age.,,,,,,3,Different granularity,
163,what are tiny pores present on the surface of leaf called,['stomates'],Stomata,,,,,,3,Semantically the same,
164,who does the voice of zoom on the flash,['Tony Todd'],Tony Todd,,,,,,3,Exact match,
165,what is a lobbyist and who do they work for,"['people whose business is trying to influence legislation , regulation , or other government decisions , actions , or policies', 'a group or individual']",A lobbyist is a professional who works on behalf of a special interest group or organization to influence the decisions and actions of government officials. They work to persuade lawmakers and other policymakers to support policies or legislation that align with their clients' interests.,,,,,,3,Semantically the same,
166,where did the name fertile crescent come from,"['James Henry Breasted ,']","The name ""fertile crescent"" was coined by American archaeologist James Henry Breasted in the early 20th century to describe the region in the Middle East where some of the earliest civilizations developed.",,,,,,3,Different granularity,
167,which ventricle is located between the two halves of the thalamus,['the third ventricle'],The third ventricle.,,,,,,3,Exact match,
168,player who scored most goals in premier league,['Alan Shearer'],Alan Shearer with 260 goals,,,,,,3,Different granularity,
169,when was the last time the canadian anthem changed,"['January 31 , 2018']",The Canadian anthem was last changed in 1980.,,,,,,1,Incorrect prediction,
170,who replaced great britain as the leading industrial power in europe after 1870,['China'],Germany,,,,,,1,MISC,
171,where is penny lane from the beatles song,['Liverpool'],"Liverpool, England",,,,,,3,Different granularity,
172,who became president in 1929 the year of the great crash,['Herbert Clark Hoover'],Herbert Hoover,,,,,,3,Semantically the same,
173,who plays the hotel owner in american horror story,['Lady Gaga'],Kathy Bates,,,,,,1,Incorrect Prediction,
174,when did queen write who wants to live forever,['for the soundtrack to the film Highlander'],It was written and recorded in 1986.,,,,,,3,Incorrect gold,
175,when does hell's kitchen new season start,"['September 29 , 2017']","As an AI language model, I don't have access to real-time information, therefore I cannot provide you with the exact answer about the start date for Hell's Kitchen new season. However, you can try to search for the latest news on the internet or on the official website of the show.",,,,,,1,DATV,
176,who composed the music for the first three harry potter films,['John Williams'],John Williams,,,,,,3,Exact match,
177,who has hit the fastest century in odi cricket,['AB De Villiers'],"AB de Villiers, in 31 balls.",,,,,,3,Different granularity,
178,who plays taylor on the bold and beautiful,['Hunter Tylo'],Hunter Tylo (as of 2021),,,,,,3,Semantically the same,
179,who did the voice of aslan in narnia,['Liam Neeson'],Liam Neeson,,,,,,3,Exact match,
180,need for speed payback where does it take place,['Fortune Valley'],"The game takes place in the fictional location of Fortune Valley, inspired by the deserts and cities of Nevada and California.",,,,,,3,Different granularity,
181,how many songs did lennon and mccartney write,['approximately 180'],Around 180 songs.,,,,,,3,Semantically the same,
182,where does the sciatic nerve run in the human body,['begins in the lower back and runs through the buttock and down the lower limb'],The sciatic nerve runs from the lower back through the hips and buttocks down the back of each leg.,,,,,,3,Semantically the same,
183,who sang the song the man who shot liberty valance,['Gene Pitney'],Gene Pitney,,,,,,3,Exact match,
184,who had control of the senate in 2008,['Democrats'],The Democratic Party had control of the Senate in 2008.,,,,,,3,Semantically the same,
185,what kind of story is the great gatsby,['a cautionary tale regarding the American Dream .'],"It is a tragic love story with themes of wealth, class, and social status.",,,,,,3,Open-ended question,
186,where is the lake district located in the uk,['county of Cumbria'],The Lake District is located in northwest England.,,,,,,3,Different granularity,
187,the explorer accurately mapped the coasts of europe and north africa,['Piri Reis'],Who is the explorer being referred to?,,,,,,1,Incorrect prediction,
188,what kind of beer in smokey and the bandit,['bootleg Coors beer'],Coors,,,,,,3,Different granularity,
189,who does tri-care provide accident and health coverage to,"['U.S Armed Forces military personnel , military retirees , and their dependents , including some members of the Reserve Component']","Tri-Care provides accident and health coverage to eligible military members, their families, and retirees.",,,,,,3,Different granularity,
190,an island in nunavut that starts with e,"['Egdell', 'Ellef Ringnes', 'Ellesmere']",Ellesmere Island,,,,,,3,Semantically the same,
191,howard stark is the father of what superhero,['Iron Man'],Tony Stark (Iron Man),,,,,,3,Different granularity,
192,why do phone numbers in movies have 555,['will not connect to a real person'],To avoid giving out real phone numbers and possibly causing harassment or confusion for people who may have that number.,,,,,,3,Semantically the same,
193,who plays bus driver bob on the doodlebops,"[""John `` Giovanni '' Catucci""]",John Catucci,,,,,,3,Semantically the same,
194,who played the youngest daughter on the brady bunch,['Susan Marie Olsen'],"Susan Olsen played the youngest daughter, Cindy Brady, on The Brady Bunch.",,,,,,3,Different granularity,
195,where can the powers of the legislative branch be found in the constitution,['Article One'],In Article I of the Constitution.,,,,,,3,Semantically the same,
196,who has scored the most points in nrl,['Hazem El Masri'],"Cameron Smith with 2,786 points.",,,,,,2,Answer is time-dependent ,
197,malcolm in the middle what is their last name,['Wilkerson'],The family's last name is Wilkerson.,,,,,,3,Semantically the same,
198,who wins in the movie friday night lights,['Dallas Carter High School'],The Permian Panthers lose the state championship game.,,,,,,1,Mismatch with question intent,
199,dwarfs in snow white and the huntsman movie,"['Ian McShane', 'Bob Hoskins', 'Ray Winstone', 'Nick Frost', 'Toby Jones', 'Eddie Marsan', 'Johnny Harris', 'Brian Gleeson']","There were eight dwarfs in the Snow White and the Huntsman movie: Beith, Muir, Quert, Coll, Duir, Gort, Nion, and Gus.",,,,,,3,Ambiguous entity/event references,
200,what stimulates the corpus luteum to produce progesterone,['Pregnenolone'],Luteinizing hormone (LH) stimulates the corpus luteum to produce progesterone.,,,,,,3,Different granularity,
201,who does marlon wayans play in white chicks,['Marcus Anthony Copeland II'],Marlon Wayans plays the characters Kevin and Marcus Copeland in White Chicks.,,,,,,3,Different granularity,
202,who won the ncaa womens basketball championship in 2018,['Notre Dame Fighting Irish'],The University of Notre Dame Fighting Irish women's basketball team.,,,,,,3,Semantically the same,
203,when was the declaration of i dependence signed,"['July 4 , 1776']","July 4, 1776",,,,,,3,Exact match,
204,when did in god we trust first appear on coins,['1864'],It first appeared on U.S. coins in 1864 during the Civil War era.,,,,,,3,Different granularity,
205,when was the eiffel tower built and why,"['Constructed from 1887 -- 1889', ""the entrance to the 1889 World 's Fair""]",The Eiffel Tower was built in 1889 for the Exposition Universelle (World's Fair) to celebrate the 100th anniversary of the French Revolution.,,,,,,3,Incorrect gold label,
206,who won the battle of first battle of bull run,['It was a Confederate victory'],"The Confederate Army, led by General Beauregard, won the first Battle of Bull Run.",,,,,,3,Different granularity,
207,when does golden state move to san francisco,['the 2019 -- 20 NBA season'],Golden State Warriors have already moved to San Francisco in 2019.,,,,,,3,Semantically the same,
208,what does red flag with blue cross mean,['The flag of Norway'],It is the flag of Scotland.,,,,,,1,Incorrect prediction,
209,who is the girl singing in all of the lights,['Rihanna'],Rihanna,,,,,,3,Exact match,
210,standard unit of distance in the metric system,['metre'],meter,,,,,,3,Semantically the same,
211,who was involved in the bombing of pearl harbour,"['Imperial Japanese Navy Air Service', 'United States']",The Japanese military.,,,,,,3,Different granularity,
212,what does a 0 with a line through it mean in math,['empty set'],"It denotes the number zero, but with a slash through it to distinguish it from the letter 'O'.",,,,,,1,Mismatch with question intent,
213,since when is there ties in the nfl,['from its inaugural season in 1920'],"Ties in the NFL have been possible since the league's inception in 1920, but they have become much more rare since overtime rules were implemented in 1974.",,,,,,3,Different granularity,
214,who is the lead singer of all american rejects married to,['actress Elena Satine'],"The lead singer of All-American Rejects, Tyson Ritter, is married to actress Elena Satine.",,,,,,3,Semantically the same,
215,who made the discovery that finally cracked the code of hieroglyphics,['Jean - François Champollion ( Champollion le jeune'],Jean-Francois Champollion,,,,,,3,Semantically the same,
216,list of denver broncos in the hall of fame,"['John Elway', 'Floyd Little', 'Gary Zimmerman', 'Shannon Sharpe', 'Terrell Davis']","1. John Elway 
2. Gary Zimmerman 
3. Shannon Sharpe 
4. Floyd Little 
5. Terrell Davis 
6. Randy Gradishar 
7. Karl Mecklenburg",,,,,,1,MISC,
217,african american winner of oscar tony and emmy,['Whoopi Goldberg'],Viola Davis,,,,,,3,Open-ended question,
218,what is the cement mixer called in bob the builder,['Dizzy'],"The cement mixer's name is ""Mixie.""",,,,,,1,Incorrect prediction,
219,who sings the song it never rains in southern california,['Hammond'],Albert Hammond,,,,,,3,Semantically the same,
220,what is the process of scattering seeds by hand known as,['Hand sowing'],Broadcasting,,,,,,2,Ambiguous answer type,
221,who sang the theme tune to only fools and horses,"['John Horler , Dave Richmond , Bigden , and Proctor']","John Sullivan (the writer of the show) wrote and performed the theme tune, titled ""Only Fools and Horses"".",,,,,,2,Ambiguous answer type,
222,who sings these boots are made for walkin,['Nancy Sinatra'],Nancy Sinatra,,,,,,3,Exact match,
223,who did are you gonna go my way,['Lenny Kravitz'],Lenny Kravitz,,,,,,3,Exact match,
224,who played little enos in smokey and the bandit,"['Paul Hamilton Williams , Jr.']",Paul Williams played Little Enos in Smokey and the Bandit.,,,,,,3,Semantically the same,
225,who sang sha na na na hey hey hey goodbye,"['Paul Leka', 'Gary DeCarlo', 'Dale Frashuer']",Steam,,,,,,1,Conflicting information in Wikipedia,
226,most medals in winter olympics by a country,['Norway'],Norway has won the most medals in the Winter Olympics with a total of 368.,,,,,,3,Different granularity,
227,what do the columns and rows on the periodic table represent,['rows are called periods and columns are called groups'],"The columns represent similar chemical and physical properties, while the rows represent increasing atomic number and electron configuration.",,,,,,2,Ambiguous answer type,
228,where are the traces of gandhara art found,"['Afghanistan', 'Pakistan', 'India', 'Central Asia', 'China']","Pakistan and Afghanistan primarily, but also in parts of India and Central Asia.",,,,,,3,Semantically the same,
229,who sings the song i'm still standing,['Elton John'],Elton John,,,,,,3,Exact match,
230,who plays whiskey in the kingsman golden circle,['Pedro Pascal'],Pedro Pascal,,,,,,3,Exact match,
231,where is right to dream academy located in ghana,['on the banks of the River Volta'],"The Right to Dream Academy is located in Aboadze, near Takoradi in Ghana.",,,,,,2,Ambiguous answer type,
232,how many teams are in d1 college football,['129'],130 teams.,,,,,,3,Incorrect gold,
233,when does jeff come back to american dad,"[""in the episode `` Holy Shit , Jeff 's Back ! ''""]","I'm sorry, I cannot provide an answer as the plot and release schedule of American Dad is subject to change and uncertain.",,,,,,1,DATV,
234,who sang the original version of skinny love,['indie folk band Bon Iver'],Bon Iver,,,,,,3,Semantically the same,
235,when was the last time loyola-chicago was in the ncaa tournament,['2018'],the last time Loyola-Chicago was in the NCAA tournament was in 2019.,,,,,,1,Incorrect prediction,
236,what is the largest school district in florida,['Miami - Dade County Public Schools'],Miami-Dade County Public Schools,,,,,,3,Exact match,
237,when was the constitution of the united states signed,"['on September 17 , 1787']","September 17, 1787",,,,,,3,Semantically the same,
238,who is the father of bree's baby,['Austin'],"I'm sorry, I cannot answer that question as it pertains to a fictional character and may be considered a spoiler for those who haven't watched/read the source material.",,,,,,1,DATV,
239,when did rocky horror picture show come out,['1975'],1975,,,,,,3,Exact match,
240,who wrote the christmas carol do you hear what i hear,"['Noël Regney', 'Gloria Shayne Baker']",Noel Regney and Gloria Shayne Baker,,,,,,3,Semantically the same,
241,when did the last earthquake occur in india,['2017 - 01 - 03'],"Sorry, I cannot provide an answer without a specific date or time frame. Please provide more information or clarify your question.",,,,,,1,DATC,
242,how many seasons are there of scandal on netflix,['7'],There are seven seasons of Scandal available on Netflix.,,,,,,3,Semantically the same,
243,who does the privacy act of 1974 apply to,['personally identifiable information about individuals that is maintained in systems of records by federal agencies'],"It applies to U.S. federal agencies and their employees, and to individuals who are citizens of the United States or who are lawful permanent residents.",,,,,,3,Incorrect gold,
244,who sings the song i just want to make love to you,['Muddy Waters'],Etta James,,,,,,3,Ambiguous event/entity reference,
245,what is the name of the ship in hitchhiker's guide,['Heart of Gold'],The Heart of Gold.,,,,,,3,Semantically the same,
246,who is the most richest person in the philippines,['Henry Sy'],"As of 2021, the most richest person in the Philippines is Manny Villar, with a net worth of approximately $7.2 billion USD.",,,,,,2,Answer is time-dependent,
247,hydro power potential in hp according to latest estimate,['about twenty five percent of the national potential'],"According to the latest estimate, the hydro power potential in HP (Himachal Pradesh) is about 27,436 MW.",,,,,,2,Ambiguous answer type,
248,where is the most poverty in the uk,['Wales'],"According to recent statistics, the areas with the highest poverty rates in the UK are in parts of London, the West Midlands, and the North East of England. However, poverty can be found throughout the country in various forms.",,,,,,3,Open-ended question,
249,who signed the declaration of independence from maryland,['Charles Carroll'],Charles Carroll,,,,,,3,Exact match,
250,when was the first movie of harry potter released,['2001'],in 2001 (Harry Potter and the Philosopher's Stone),,,,,,3,Semantically the same,
251,how many planet are in our solar system,['eight'],There are eight planets in our solar system.,,,,,,3,Semantically the same,
252,how tall is the drop on california screamin,['108 - foot ( 33 m )'],approximately 120 feet.,,,,,,3,Different granularity,
253,what does it mean to bill third party,['a form of billing where an intermediary handles the invoicing and payment between a purchaser and a vendor'],To bill a third party means to send an invoice or bill for goods or services to a third party rather than directly to the customer who received the goods or services.,,,,,,3,Semantically the same,
254,when did ej die on days of our lives,['2014'],"Sorry, I do not have access to the latest events or spoilers regarding television shows.",,,,,,1,DATV,
255,when did alice from the brady bunch die,"['June 1 , 2014']","Ann B. Davis, who played Alice in The Brady Bunch, died on June 1, 2014.",,,,,,3,Semantically the same,
256,which german state benefited most from the territorial changes made by the congress of vienna,['German Kingdoms of Hanover'],Prussia benefited the most from the territorial changes made by the Congress of Vienna.,,,,,,1,Conflicting information in Wikipedia,
257,who do howie long's son's play for in the nfl,"['Philadelphia Eagles', 'Chicago Bears', 'Raiders']","Kyle Long played for the Chicago Bears and Chris Long played for various teams, including the Philadelphia Eagles, New England Patriots, and St. Louis Rams.",,,,,,3,Ambiguous event/entity reference,
258,when was the last time halleys comet was seen,['1986'],Halley's Comet was last seen from Earth in 1986.,,,,,,3,Semantically the same,
259,what kind of currency is used in australia,['The Australian dollar ( sign : $ ; code : AUD )'],Australian dollar,,,,,,3,Semantically the same,
260,who is the head of state of north korea,['Kim Jong - un'],Kim Jong-un,,,,,,3,Exact match,
261,what does fire and brimstone mean in the bible,"[""God 's wrath""]","It is used to describe the punishment that God will bring upon sinners in hell, typically depicted as fiery destruction and suffering.",,,,,,3,Different granularity,
262,who is called the father of english learning,['Bede'],Geoffrey Chaucer,,,,,,3,Incorrect gold,
263,who sings the song you take my breath away,['Rex Smith'],Berlin,,,,,,3,Ambiguous event/entity reference,
264,where did the framers get the idea of separation of powers,"['the writings of Charles de Secondat , Baron de Montesquieu in The Spirit of the Laws']","From the writings of Enlightenment philosophers such as Montesquieu and Locke, as well as the British system of government they were familiar with.",,,,,,3,Open-ended question,
265,how many different types of tuna are there,['fifteen'],"There are several types of tuna, but the most commonly consumed ones are bluefin, yellowfin, skipjack, bigeye, and albacore tuna.",,,,,,1,Mismatch with question intent,
266,where is all creatures great and small based,['books of the British veterinary surgeon Alf Wight'],The series is set in the Yorkshire Dales of England.,,,,,,3,Ambiguous event/entity reference,
267,who plays mike myers in rob zombie's halloween,['Tyler Mane'],Mike Myers is a fictional character in the Halloween franchise and is not played by anyone in Rob Zombie's version.,,,,,,1,Incorrect prediction,
268,how many islands are there in lake nicaragua,['400 +'],There are 365 islands in Lake Nicaragua.,,,,,,1,Conflicting information in Wikipedia,
269,what contestant won the most money on jeopardy,['Brad Rutter'],"Ken Jennings, who won over $2.5 million during his 74-game winning streak.",,,,,,3,Ambiguous event/entity reference,
270,when were reese's peanut butter cups introduced,['1928'],in 1928,,,,,,3,Semantically the same,
271,a famous feature of the national theatre's olivier stage is its,['drum revolve'],revolving stage.,,,,,,3,Semantically the same,
272,who sang in the movie the greatest showman,"['Hugh Jackman', 'Keala Settle', 'Zac Efron', 'Zendaya', 'Ziv Zaifman', 'Michelle Williams', 'Austyn Johnson', 'Cameron Seely', 'Daniel Everidge', 'Loren Allred']","The lead actor, Hugh Jackman, sang in the movie The Greatest Showman along with other cast members such as Zac Efron and Zendaya.",,,,,,3,Different granularity,
273,where is archangel raphael mentioned in the bible,['John 5 : 1 -- 4'],Archangel Raphael is mentioned in the Book of Tobit in the Old Testament.,,,,,,3,Different granularity,
274,what is the boy called in paw patrol,['Ryder'],The boy's name in Paw Patrol is Ryder.,,,,,,3,Semantically the same,
275,the middle leg of the journey from england to africa to the americas,['the Caribbean'],"The middle leg of the journey from England to Africa to the Americas was from Africa to the Americas, which involved the transatlantic slave trade.",,,,,,1,Mismatch with question intent,
276,who plays the first game of the nfl regular season,"['the Kansas City Chiefs', 'the defending Super Bowl LI champion New England Patriots']","typically, the first game of the NFL regular season is played by the reigning Super Bowl champions.",,,,,,3,Different granularity,
277,who played neil diamonds father in the jazz singer,['Laurence Olivier'],Laurence Olivier,,,,,,3,Exact match,
278,where does the song london bridges falling down come from,"['It deals with the depredations of London Bridge and attempts , realistic or fanciful , to repair it . It may date back to bridge rhymes and games of the Late Middle Ages , but the earliest records of the rhyme in English are from the seventeenth century .']","The origins of the song are unknown, but it is believed to be a nursery rhyme from England.",,,,,,3,Different granularity,
279,star wars rebels mid season 4 release date,"['October 16 , 2017']","February 19, 2018",,,,,,3,Ambiguous event/entity reference,
280,when was the dollar removed from the gold standard,"['August 15 , 1971']","August 15, 1971",,,,,,3,Exact match,
281,where did the term $64 000 question come from,"['The $64,000 Question was an American game show broadcast from 1955 to 1958']","It originated from the popular quiz show ""The $64,000 Question"" which aired in the 1950s and offered a large cash prize for correctly answering difficult trivia questions.",,,,,,3,Different granularity,
282,where is the under armour all american game,['typically held in early January in the U.S. state of Florida'],"The location of the Under Armour All American game changes each year, but it is typically played in a football stadium in the United States.",,,,,,3,Open-ended question,
283,the lament when i am laid in earth is a ground bass aria from,['Dido and Aeneas'],the opera Dido and Aeneas by Henry Purcell.,,,,,,3,Different granularity,
284,who plays violet in saved by the bell,['Tori Spelling'],Tiffani Thiessen,,,,,,1,Incorrect prediction,
285,who discovered the occurrence of oil in assa,['Italian Engineers'],"I'm sorry, I cannot answer this question without additional context. Can you please provide more information regarding Assa and the discovery of oil?",,,,,,1,DATC,
286,who played michael corleone's first wife in the godfather,['Simonetta Stefanelli'],"Apollonia Vitelli-Corleone was played by Simonetta Stefanelli. However, Michael Corleone's first American wife, Kay Adams, was played by Diane Keaton.",,,,,,3,Different granularity,
287,what was the result of the 100 year war,"['House of Valois retains the French throne', 'England permanently loses almost all of its continental possessions including Normandy and Aquitaine', 'House of Lancaster is weakened , leading to the War of the Roses', 'Rise of nationalistic identities in England and France', 'Decline of chivalry', 'Decline of feudalism', 'English claims to the French throne de facto abandoned', 'Strengthening of the French monarchy']","The result of the 100 year war was the defeat of the French by the English and the establishment of English rule over parts of France. However, the war ultimately weakened both countries and led to significant social and economic changes.",,,,,,3,Open-ended question,
288,when did governors island open to the public,"['April 1 , 2002']",Governors Island first opened to the public in 2003.,,,,,,3,Incorrect gold,
289,where does friday the 13th part 4 take place,['Crystal Lake'],"Crystal Lake, New Jersey.",,,,,,3,Different granularity,
290,who came in 2nd in the kentucky derby,['Good Magic'],The answer would vary depending on the year of the Kentucky Derby.,,,,,,1,DATC,
291,who won im a celebrity get me out of here 2017,['Casey Donovan'],Georgia Toffolo,,,,,,3,Ambiguous event/entity reference,
292,when did estee lauder youth dew come out,['1953'],Estee Lauder Youth Dew was launched in 1953.,,,,,,3,Semantically the same,
293,what is the largest ethnic group in the united states,['white Americans'],"As of 2021, the largest ethnic group in the United States is non-Hispanic white. However, when considering race and ethnicity together, the largest group is people of Hispanic or Latino origin.",,,,,,3,Different granularity,
294,the primary purpose of viral marketing is to,['to create viral messages that appeal to individuals with high social networking potential ( SNP ) and that have a high probability of being presented and spread by these individuals and their competitors in their communications with others in a short period of time'],spread information about a product or service through word-of-mouth or social media sharing in order to generate buzz and increase sales.,,,,,,3,Open-ended question,
295,where is lagos state ministry of education located,"['State Government Secretariat , Alausa , Lagos State , Nigeria']","Alausa, Ikeja, Lagos, Nigeria",,,,,,3,Semantically the same,
296,who did nate archibald date in gossip girl,"['Blair Waldorf', 'Serena van der Woodsen']","Nate Archibald dated various characters throughout Gossip Girl including Blair Waldorf, Serena van der Woodsen, and Sage Spence.",,,,,,3,Different granularity,
297,where was the landmark hotel in las vegas,['east of the Las Vegas Strip and across from the Las Vegas Convention Center'],"The Landmark Hotel in Las Vegas was located at 3647 S. Las Vegas Boulevard. However, it was demolished in 1995.",,,,,,3,Different granularity,
298,the introduction to stravinsky’s the rite of spring begins with a melody played on the,['bassoon'],Bassoon,,,,,,3,Exact match,
299,is guyana part of the caribbean or south america,['South America'],Both - Guyana is located on the northern coast of South America but is considered culturally and historically part of the Caribbean region.,,,,,,1,Mismatch with question intent,
300,when did the first harry potter book cone out,['in 1997'],in 1997.,,,,,,3,Exact match,